"0","met_avg %>%"
"0","  filter(!(dew.point %in% NA)) %>%"
"0","  ggplot()+"
"0","  geom_violin (mapping = aes(y=dew.point, x))+"
"0","  facet_wrap(~region, nrow = 2)"
"1","[1m[33mError[39m in `geom_violin()`:[22m
[38;5;232m[33m![38;5;232m Problem while computing aesthetics.
[36mâ„¹[38;5;232m Error occurred in the 1st layer.[39m
[1mCaused by error:[22m
[33m![39m object 'x' not found
[90mRun `]8;;x-r-run:rlang::last_trace()rlang::last_trace()]8;;` to see where the error occurred.[39m
"
